State,Year,black_male_mortality,black_female_mortality,white_male_mortality,white_female_mortality
Alabama,1999,1034.12846486819,882.794017402462,1055.42761786097,1038.96895466168
Alabama,2000,1013.95199421021,866.161858206332,1067.59261199247,1048.82060931889
Alabama,2001,1014.31085773668,880.645299341735,1050.13204969093,1065.06006231385
Alabama,2002,1015.62770271131,891.574330490358,1074.42396007749,1076.01529355672
Alabama,2003,1015.71098865548,879.135027854716,1082.43774458718,1098.55895910691
Alabama,2004,983.278876191194,874.783641000634,1075.91198494374,1067.54652530046
Alabama,2005,1005.31148146307,862.421729630402,1082.12409225434,1095.16899264952
Alabama,2006,997.9402318112,845.125248230833,1077.27532210839,1065.90308892911
Alabama,2007,969.197079283499,816.448089815306,1081.90844828268,1044.17154928549
Alabama,2008,961.139785863584,816.963847975493,1082.82108216907,1078.34411813894
Alabama,2009,945.228385198284,794.298732953524,1090.23675817977,1052.02268452981
Alabama,2010,922.686452568988,802.428529359625,1101.88773014234,1066.4322698175
Alabama,2011,948.017169496349,793.377327465511,1121.15374528531,1070.56593743138
Alabama,2012,930.944366209972,785.584992119591,1133.56996521988,1095.65062873996
Alabama,2013,968.865272854737,793.407028713642,1176.46078156436,1083.82698194851
Alabama,2014,924.307746431846,805.21040311871,1170.85413979083,1095.4767042092
Alabama,2015,992.827243852675,801.530181092225,1213.33483385048,1125.43163515109
Alabama,2016,998.54037177021,820.236352198064,1220.5206172485,1130.14370416305
Alaska,1999,266.187050359712,267.50590086546,460.300145444929,362.66792706648
Alaska,2000,308.509111780743,338.289670364251,490.609110719104,407.992467831363
Alaska,2001,360.060933388727,232.468035645099,509.032550100819,402.612224194776
Alaska,2002,322.77587250353,301.068794219479,513.982940487043,400.035877657189
Alaska,2003,284.206252537556,298.107020420331,529.520676425189,419.199515829009
Alaska,2004,396.196513470682,273.688882313781,502.953505717556,394.736264363526
Alaska,2005,331.836814366582,238.770332786151,499.289548468582,407.705858754993
Alaska,2006,284.495021337127,249.779606229797,525.67652537971,451.481869574779
Alaska,2007,378.381787223308,262.104113578449,543.252608582615,449.064484800564
Alaska,2008,355.740922473013,312.250381235931,546.059882263038,450.859330176319
Alaska,2009,344.170610288243,237.728988952594,551.648838292446,457.286960176526
Alaska,2010,352.092013379497,278.493350971246,573.560113439939,456.792128351509
Alaska,2011,340.686958950014,287.760155256642,587.528424321976,456.16916444262
Alaska,2012,403.525538918976,315.823396712859,576.151294691125,474.255019301076
Alaska,2013,405.919227212003,309.96963562753,578.810655063775,484.365419987738
Alaska,2014,398.182653530042,266.853040218565,626.027247160232,486.063706420811
Alaska,2015,436.039142118339,353.870458135861,621.404417899961,523.571010091842
Alaska,2016,407.129735365672,263.852242744063,653.931819927365,532.896254077027
Arizona,1999,605.138825965957,509.933696842651,885.868390531625,785.300611356056
Arizona,2000,589.714953709986,517.779377978946,864.388335000495,789.417818613734
Arizona,2001,568.338520940861,521.164906071625,855.41364440532,775.105281142455
Arizona,2002,538.798152156598,405.306955888238,881.661656190216,796.003566270186
Arizona,2003,571.192869504398,507.455695214302,869.83902399516,788.735402726604
Arizona,2004,519.67146623403,469.561374433764,849.55491904258,769.773985782426
Arizona,2005,502.901353965184,486.216701457791,873.025971639027,792.851474621114
Arizona,2006,565.9313707546,423.698441395019,853.942713944089,785.67317906479
Arizona,2007,488.931797807048,442.607113168123,826.37062837107,749.118410766657
Arizona,2008,480.665757945333,421.833418266236,821.108637337268,735.837357186206
Arizona,2009,446.531728733536,438.818907753369,810.351222174792,729.775388806109
Arizona,2010,470.882066276803,411.511795574108,824.225673245932,735.253970693256
Arizona,2011,466.303527636295,430.877417292632,840.459382878967,762.325791251491
Arizona,2012,482.130295283359,461.762248150785,862.1120271276,758.368107995652
Arizona,2013,524.501806802933,439.400587871101,861.007821287169,773.845648595031
Arizona,2014,491.917344940857,445.74015560172,873.205960582879,770.271749232595
Arizona,2015,534.575644796086,455.816554809843,911.473509409595,797.167639998641
Arizona,2016,588.46271646842,464.352242042935,943.87446033795,804.890342703805
Arkansas,1999,1019.52462224536,898.775368480095,1112.54868099082,1063.82692330126
Arkansas,2000,998.021893700454,905.105988000018,1110.33920821239,1075.85025363725
Arkansas,2001,947.059287291076,843.668083794083,1094.65591936956,1058.95501040299
Arkansas,2002,939.952635390367,901.481851920091,1112.07362896033,1081.81790018278
Arkansas,2003,971.901275802474,820.828075813078,1082.86179717668,1055.10016450439
Arkansas,2004,932.93730834589,816.084439845702,1051.67158490047,1042.4172887356
Arkansas,2005,945.589314126199,843.816594486836,1075.55201230016,1030.55209508367
Arkansas,2006,940.142542268977,822.168988258954,1056.77788965722,1006.04963885178
Arkansas,2007,901.001318991622,811.785802777626,1052.81742815097,1023.25344731084
Arkansas,2008,952.34157501585,779.805650994387,1085.22984662511,1062.10766540873
Arkansas,2009,893.429541827507,783.842686611521,1075.26605139602,1009.73339825612
Arkansas,2010,858.848710149825,754.068160884249,1090.01004641135,1017.97588728417
Arkansas,2011,887.593738721277,753.570022765363,1099.15894349954,1044.98508109826
Arkansas,2012,858.062685137556,764.736521215988,1121.12795544556,1060.7587768502
Arkansas,2013,888.000105714298,738.447453380234,1134.30008298727,1067.05193832247
Arkansas,2014,897.721102138766,718.616483415467,1138.01414003643,1060.88025656662
Arkansas,2015,899.765826276985,742.712948796916,1187.5451596053,1093.89333226024
Arkansas,2016,927.717503973464,788.344358299547,1188.6149562624,1081.79291954611
California,1999,750.560539029311,690.322535075307,729.69823899,750.989794779191
California,2000,750.335260490311,666.734226157996,722.748887628266,741.974850299671
California,2001,764.398516764731,680.531778713429,722.947903595273,745.422282181933
California,2002,773.790733863893,686.556654318342,720.604500903466,734.768620799297
California,2003,774.288423028638,688.332599152401,731.025392513431,740.662213440118
California,2004,762.478159603439,674.64014410845,704.337844467729,710.725496491707
California,2005,781.53421369294,681.885048718437,716.209529360652,717.841018763849
California,2006,758.111772770611,675.776997339779,717.64826252955,712.9275095031
California,2007,746.125840717351,671.998015315547,703.814447185939,696.398123161508
California,2008,715.107220413628,660.702302076652,700.009874747449,696.525805501061
California,2009,707.00022806459,641.160603395217,694.53366180281,679.600686682681
California,2010,678.687354586951,631.319552307985,690.884959054763,681.660184826383
California,2011,702.990296545381,649.15691754237,702.024975984093,689.622468861646
California,2012,698.876747558849,640.529286255076,705.978937883792,687.84377531814
California,2013,723.303005826445,640.892112689721,720.392549076064,693.817515415373
California,2014,726.201746995452,643.663748809442,710.199883207575,675.284840973716
California,2015,756.970623390953,676.362631334774,740.817763984692,705.188423966605
California,2016,773.74046106374,685.431171315746,748.183202743504,705.19308967568
Colorado,1999,555.391308020442,551.141893574161,654.569592322995,670.975455238172
Colorado,2000,545.756867865632,532.238611089595,644.703615701022,667.46103198683
Colorado,2001,519.320482351906,461.079180256462,643.236646732903,684.922294272986
Colorado,2002,521.734144919781,493.274472009783,671.982714769474,682.842920065678
Colorado,2003,565.862180278374,492.207566284293,664.654577743327,690.688394379615
Colorado,2004,486.579959160397,431.709569896791,646.907071149264,645.7713530452
Colorado,2005,523.007795090094,498.350322548875,666.972384055575,666.661576797066
Colorado,2006,502.746649088113,411.291474270481,645.246645774918,663.182044831632
Colorado,2007,478.121044168463,455.346378558843,658.836615127087,652.180934758835
Colorado,2008,520.032409014998,448.402172540104,673.442658205487,666.841122989891
Colorado,2009,514.985765921377,436.734729600812,658.779840659742,654.039803761199
Colorado,2010,510.084884354801,456.374689613837,656.867053920816,657.338729748471
Colorado,2011,496.619805742924,472.435705492897,674.720227361955,660.736698499318
Colorado,2012,506.857703573089,473.302645786145,676.442456303267,661.581602683589
Colorado,2013,517.431930071335,432.996382461668,679.635593159398,666.214010076221
Colorado,2014,477.212578406652,462.580410993814,707.518752165395,679.892564959086
Colorado,2015,528.384690979094,478.55157388626,716.506603304868,687.412020734048
Colorado,2016,510.778004499555,455.605933882115,742.539925229907,684.62732710285
Connecticut,1999,619.613724935764,522.557629285559,901.742186640737,953.459925289129
Connecticut,2000,646.654619954432,538.386815285576,914.32649689277,974.783419807646
Connecticut,2001,616.409239053422,537.426372586956,881.970744588444,976.950263992798
Connecticut,2002,606.992554224668,499.373809448637,910.543871187711,964.320028235479
Connecticut,2003,564.443462146585,497.009692720149,888.401648776441,949.585635359116
Connecticut,2004,575.34445331116,502.343932722521,880.987521064399,932.075351125839
Connecticut,2005,576.253309748514,486.682638812314,872.611153876052,948.101934673974
Connecticut,2006,569.668143984434,485.967503692762,870.84537485187,937.479368851918
Connecticut,2007,574.926209840104,481.412531269998,850.624778734243,916.566880903264
Connecticut,2008,536.310517529215,467.701452160619,856.38944340873,921.334149390834
Connecticut,2009,528.329292867299,482.798833819242,842.060304509551,915.180103757024
Connecticut,2010,524.902651211759,473.768133923361,858.803698385507,904.06916116007
Connecticut,2011,538.847489831666,462.330471287559,879.738469834748,935.33454058241
Connecticut,2012,487.352280496142,481.315476350233,884.079700354785,922.635467802554
Connecticut,2013,530.257869738284,479.028697571744,891.558372749429,934.597891248107
Connecticut,2014,522.245369709769,488.622146787867,905.693224917272,940.128878287937
Connecticut,2015,539.728022171595,509.500741131273,926.45084912503,967.967560941361
Connecticut,2016,576.208437139,537.023429088983,945.595918278936,946.144062773548
Delaware,1999,782.631340890089,623.419761043082,936.47307214248,911.047672308963
Delaware,2000,777.844833366861,675.315227934045,936.517062941793,944.605322202099
Delaware,2001,747.092834405249,712.098637979376,957.220237795777,971.221984904911
Delaware,2002,764.025045854152,578.100722054657,912.175648702595,940.119836655769
Delaware,2003,789.304918356273,662.678734239143,938.584836926242,928.208846990573
Delaware,2004,747.973736742106,628.468203403031,969.226804291871,910.708710583828
Delaware,2005,717.19641401793,658.018621194686,988.617003048613,960.265615887582
Delaware,2006,723.950215716835,603.411557106058,936.635413464494,910.713468491145
Delaware,2007,677.966101694915,571.962065746155,957.743079702896,920.051241826898
Delaware,2008,652.434328741337,586.673313074571,982.405523393158,964.170359798693
Delaware,2009,686.39798488665,586.882013240058,959.557900025119,939.169472502806
Delaware,2010,720.227331438905,540.966143300449,987.567785764129,956.254416750405
Delaware,2011,680.382474320885,545.29782697455,989.60017913567,983.758068386145
Delaware,2012,677.803437003269,652.578130587142,965.880853086713,953.216443130836
Delaware,2013,653.50444225074,574.894793372423,1020.61814507336,948.064222572707
Delaware,2014,704.211671458544,628.206016913905,1040.04858442918,954.454167889767
Delaware,2015,691.209043000076,639.724321465736,1093.04209820385,986.209826835197
Delaware,2016,771.866410632931,602.232544075527,1126.16761747145,1008.64056293009
District of Columbia,1999,1534.62545314356,1188.92339544513,617.315133818968,655.607733121913
District of Columbia,2000,1475.61712438412,1203.59005432728,614.287426585161,631.144556378201
District of Columbia,2001,1528.21489615329,1173.39058041207,600.288992115752,611.419063278427
District of Columbia,2002,1549.39081059748,1175.21932841586,556.391267453522,544.685660833301
District of Columbia,2003,1474.44764773565,1148.08464436788,545.489591364688,527.519587327851
District of Columbia,2004,1424.10787699392,1142.01842070802,561.446695701572,527.563269363101
District of Columbia,2005,1461.62399689187,1193.04832734402,529.554491526206,475.919410979741
District of Columbia,2006,1404.66775639765,1149.60000450382,558.830146231721,504.816640790274
District of Columbia,2007,1350.1017199926,1146.40608529672,520.874231121581,489.340617902149
District of Columbia,2008,1391.84519695923,1147.43338783594,491.774038747378,418.922019323097
District of Columbia,2009,1338.0213586063,1058.24076853798,440.19293907827,385.199302280509
District of Columbia,2010,1204.83596227617,1068.12316326118,402.003737378496,413.506850170084
District of Columbia,2011,1160.18781393317,1065.97046064745,377.260018639329,340.577117987241
District of Columbia,2012,1175.18188948692,1043.04020015553,358.296833488906,365.107771477033
District of Columbia,2013,1180.96051455184,1030.30303030303,371.80415529438,350.481210702294
District of Columbia,2014,1187.45653829597,1018.86980003645,349.533841540125,360.61235542941
District of Columbia,2015,1258.16853391714,1005.86066113526,372.896650565317,336.449592403952
District of Columbia,2016,1321.99443578461,1061.34334648837,361.883344319078,298.899506362936
Florida,1999,765.648094043241,652.400939011266,1162.44935190598,1081.35024944083
Florida,2000,746.48545553296,646.804271640619,1164.84035237879,1069.85368743372
Florida,2001,730.095734515378,656.118640382664,1155.71976467561,1068.88776407762
Florida,2002,722.049369977306,639.185432702214,1137.89846110283,1053.26082592422
Florida,2003,707.664415007164,624.064278406491,1131.06346377021,1035.57585707278
Florida,2004,701.954074257507,600.237937140328,1105.36337281609,1018.52254551573
Florida,2005,694.113845345982,594.551074150703,1099.87985193784,996.670095744109
Florida,2006,676.517265605101,590.131193650555,1081.26046540933,972.773674367848
Florida,2007,673.072507455546,563.42405908628,1059.15992106641,951.984398559371
Florida,2008,660.584624119277,553.370258020681,1072.72303841078,961.734944714884
Florida,2009,646.147566294568,552.51509797524,1065.68997107956,948.074028836477
Florida,2010,631.362882460208,552.186922842167,1083.56118456092,966.781323484239
Florida,2011,619.567597414343,540.421353678052,1071.64435484673,956.913003986771
Florida,2012,633.967674369113,541.733373217438,1073.58017771849,967.335671799564
Florida,2013,637.244646398653,555.004774907774,1082.73622696119,974.622752466633
Florida,2014,634.941006921559,559.341845744399,1106.48798657953,977.671564327065
Florida,2015,668.403854417161,568.41470468648,1126.02185618673,979.416414385469
Florida,2016,679.956810204137,591.604180197202,1135.74635747236,988.713912063205
Georgia,1999,774.52426284393,663.963036942881,804.791036425985,826.213007167914
Georgia,2000,762.18581729302,677.49788306619,812.130474714425,848.464956066702
Georgia,2001,742.535160971322,659.73122743156,805.778050894994,845.569736463452
Georgia,2002,741.801823929102,668.161300481382,810.987039085308,839.180420822708
Georgia,2003,725.315341014797,665.37648870923,816.641162530672,850.297179002276
Georgia,2004,721.638441422047,627.243550878693,803.725532440336,828.003373207641
Georgia,2005,704.994194628811,633.757699517476,808.354717885086,818.774806565717
Georgia,2006,703.737772745783,614.286463509259,807.528267820713,811.257778121462
Georgia,2007,696.459021566122,595.444326639279,804.603333450629,805.300110838199
Georgia,2008,686.043802087978,601.707679469174,805.087986824354,820.731702192378
Georgia,2009,662.509330745043,586.793591271523,811.160050755739,808.724381668572
Georgia,2010,658.055370688946,584.602712098555,830.1182307219,826.413777954135
Georgia,2011,631.200875846569,573.77677710496,823.829928176049,828.218148719504
Georgia,2012,645.520311630495,568.942217345329,841.472888620894,835.780687963311
Georgia,2013,670.974681800358,585.438729908367,874.529936972279,838.474247132402
Georgia,2014,689.861147429698,587.45776800635,882.260083482333,855.380581375528
Georgia,2015,710.468865840801,600.196557583055,910.962651857367,882.265063979639
Georgia,2016,720.091654911184,612.814423033109,932.279001966661,871.512748468656
Hawaii,1999,245.968843946433,178.765739157469,669.600153051464,587.022896255219
Hawaii,2000,227.109067744973,192.84853354761,676.228333862993,601.210738621849
Hawaii,2001,197.525730325398,127.867619405792,642.973509899954,636.319715305846
Hawaii,2002,221.316835169257,170.976704424022,662.162026686984,626.291472220288
Hawaii,2003,232.450023245002,156.851561385997,721.654115075384,605.825287067543
Hawaii,2004,287.035560516664,191.475781859443,697.054367289113,618.709278970005
Hawaii,2005,275.791624106231,140.954260342519,702.004565183062,647.821610847042
Hawaii,2006,272.989232091401,191.380776864191,690.936837325569,599.86094867497
Hawaii,2007,324.488407389962,196.86474662778,735.262867100174,631.343660503678
Hawaii,2008,361.944157187177,160.268084796387,718.474937028878,613.477414805114
Hawaii,2009,347.897267983219,181.818181818182,755.652362916615,623.832609288758
Hawaii,2010,299.994915340418,204.037018144721,723.613493424814,607.378211544878
Hawaii,2011,225.373274485867,125.969634688059,718.252432427567,665.084602673722
Hawaii,2012,297.526533149785,203.226216181888,752.175779055002,609.79331109122
Hawaii,2013,312.888431700313,240.666460968837,721.04532036812,625.9953325788
Hawaii,2014,258.354862905242,162.113479435605,807.773909376116,730.431153137127
Hawaii,2015,371.732191199644,208.695652173913,775.256814515957,690.78492904652
Hawaii,2016,305.654610290372,191.204588910134,768.395807502049,676.856541959181
Idaho,1999,501.113585746103,377.216144851,781.063253848788,744.910051503357
Idaho,2000,296.195033037138,407.395800689439,747.955444889131,752.851454951582
Idaho,2001,266.611977030353,,764.453461958147,737.5418735737
Idaho,2002,327.237728585178,,757.199027671818,749.51118835542
Idaho,2003,322.118826055834,,778.89241073735,771.479256849572
Idaho,2004,214.663143989432,,741.757178703354,732.524885139738
Idaho,2005,229.252636405319,,766.838383794323,742.46380946111
Idaho,2006,307.649279821004,,756.209241015679,725.892590113505
Idaho,2007,182.839232075225,200.971361580975,727.007153883181,745.665021544373
Idaho,2008,288.040075140889,,733.74906108101,726.838764005009
Idaho,2009,236.714404071488,,751.232122798437,711.276910763766
Idaho,2010,223.924572775486,226.620335398096,769.651382998586,723.729657654184
Idaho,2011,199.159105996902,225.193525686137,794.562448695799,765.384615384615
Idaho,2012,192.513368983957,177.377541274389,797.684717480094,747.197843390178
Idaho,2013,234.335201222618,169.823644676682,814.969832320803,769.770257404174
Idaho,2014,165.208940719145,174.868848363727,818.49321671176,773.227466670451
Idaho,2015,177.18921943486,,851.668751970867,774.687992399962
Idaho,2016,212.014134275618,149.408114009884,846.649221925364,793.262229720908
Illinois,1999,973.372974494393,789.454865692754,881.54347457881,937.927857862596
Illinois,2000,926.051437016269,768.315697276211,861.40045902642,926.998749591882
Illinois,2001,920.571589271277,774.992839423464,844.554703674948,909.700785804896
Illinois,2002,919.447409912258,781.606207061133,857.29465501914,916.900554117175
Illinois,2003,933.998739738419,767.584044490207,837.133813181717,910.090166066984
Illinois,2004,870.603310899244,772.715109537457,819.544805538698,883.044331814823
Illinois,2005,895.855682290869,756.608323564233,825.538514533695,898.745550250187
Illinois,2006,898.422133834521,731.88492808974,813.609660725294,877.853209965186
Illinois,2007,895.867418607367,735.880960432871,793.462034866046,859.592494866661
Illinois,2008,867.204124749258,730.056465154118,826.630263572404,885.052344776339
Illinois,2009,848.655064323011,708.986127738566,801.509428236777,843.863624943765
Illinois,2010,838.741010391846,707.407024040913,804.250734812203,836.65137944285
Illinois,2011,854.276359213741,706.147132038107,818.002305505585,856.141383882762
Illinois,2012,862.284253258161,728.369283418521,828.741836970649,850.049700565332
Illinois,2013,860.088645317163,741.588042468582,838.579441638541,855.887749371293
Illinois,2014,892.990350082488,744.061209128304,855.9168333377,873.684344844713
Illinois,2015,908.807543200015,771.401747726664,870.438513361197,887.800050839613
Illinois,2016,959.768717877483,808.048324040745,875.809499389411,875.166797766292
Indiana,1999,921.558177088719,775.162648995978,906.985416348426,957.027307058781
Indiana,2000,857.264653085488,759.080308966591,918.572471000196,950.827913904733
Indiana,2001,905.289822451798,723.626729799047,906.538399405991,939.09539379338
Indiana,2002,860.995227948018,743.937739413794,900.693548810165,946.621671904606
Indiana,2003,886.701683224075,745.582677969564,910.189290113371,942.480665852397
Indiana,2004,816.131967816955,679.008627324994,877.771836418143,915.279930041031
Indiana,2005,825.111726502022,709.883535758495,897.111898900808,932.587734685332
Indiana,2006,834.508249818999,656.410914515793,901.581973424583,918.087688292545
Indiana,2007,746.283866409413,665.846808055583,868.855083491178,890.055488932133
Indiana,2008,766.704635532197,653.209400535286,912.220845781846,928.258020201542
Indiana,2009,732.253167207622,652.605263317577,901.401152597269,907.253198479912
Indiana,2010,742.042506727486,618.475843219667,915.460384707005,917.112254054652
Indiana,2011,738.565581064246,656.626914915908,937.436091165243,933.453685258964
Indiana,2012,775.49815312712,632.351007407624,954.210245316691,951.081979721217
Indiana,2013,774.757269537559,667.247970249576,976.331622486992,965.57026882119
Indiana,2014,760.959217962426,657.894736842105,983.961001558582,962.000846100862
Indiana,2015,784.836369021176,674.620684973355,1006.2456015338,993.963403261318
Indiana,2016,838.046410741335,693.161459104872,1035.12838298904,978.095867429724
Iowa,1999,594.762538837106,587.37617475235,957.961011452995,1030.30793441745
Iowa,2000,559.640074618677,552.1581665974,952.301924038581,1012.36889571315
Iowa,2001,596.37968630954,532.46013667426,930.858508488822,1010.87706518479
Iowa,2002,504.489960649783,476.111387920058,946.681056567573,1014.10727807778
Iowa,2003,508.033739274168,522.555188226512,942.871983564124,1018.7341162098
Iowa,2004,482.146600517085,523.439304133631,912.364529061451,962.16518637667
Iowa,2005,490.545843738851,424.352433281005,939.054869953707,998.59749113736
Iowa,2006,515.420184108938,433.71808324589,907.921023868923,988.030249633302
Iowa,2007,466.500442371109,447.913432968203,907.196352047968,970.979692454776
Iowa,2008,460.398120200206,473.813351383366,950.465300077609,1009.66574479995
Iowa,2009,455.726783557231,400.752929746797,915.057624723511,972.064212637664
Iowa,2010,476.586999273604,433.412135539795,927.288191073968,966.570499421203
Iowa,2011,428.141830476223,435.952841275257,931.315647017995,983.517849065878
Iowa,2012,459.917907126255,420.307488109722,940.818271525804,983.418443687857
Iowa,2013,449.862367282737,450.71216042536,975.269012520838,982.808916663575
Iowa,2014,436.96318097183,436.975924145029,977.878096888016,992.049879664212
Iowa,2015,405.916852049808,387.798150251501,990.194401488468,1007.74402026867
Iowa,2016,535.124513998244,420.794799729938,986.235223025073,993.629212205723
Kansas,1999,753.341140394297,696.516201307794,915.468621842512,978.004420505441
Kansas,2000,779.905271779775,746.736040853688,912.677789650054,993.919210048044
Kansas,2001,790.324091420008,727.484186416339,910.888924226763,982.250156178906
Kansas,2002,769.569041336851,758.977722598328,916.587329921853,998.217095082618
Kansas,2003,725.169818248577,735.362561668063,897.60575180879,981.589170668147
Kansas,2004,752.90819268119,706.941613991457,866.534725165304,944.53894025733
Kansas,2005,789.615160611084,679.128794374893,904.59257216219,961.506897244705
Kansas,2006,758.567998253656,732.374084532394,884.610741911594,958.384305558661
Kansas,2007,680.871171442072,651.627414659963,893.017262295521,944.045956582455
Kansas,2008,683.262160191647,657.474993241417,910.015403109769,946.536892592107
Kansas,2009,673.021847639309,631.031922791388,872.681602009512,901.931073643064
Kansas,2010,667.449539811107,581.547103227221,898.650195918783,900.974025974026
Kansas,2011,622.033227848101,650.044157817988,904.099439064125,935.687528445228
Kansas,2012,644.064503594327,621.080254105918,913.205667879651,921.573190598092
Kansas,2013,657.628685320341,644.536569128817,908.965068119291,933.23705989609
Kansas,2014,676.081015454641,641.785348412109,942.958956970967,926.84220649092
Kansas,2015,675.159596035795,692.107181735561,959.565806475402,971.915381812826
Kansas,2016,728.419629782601,643.984329050073,949.801162386931,950.692065019577
Kentucky,1999,886.612624224129,878.838115842769,1008.38623681682,982.455841858531
Kentucky,2000,883.222763967708,877.398740958165,1002.70274016272,988.064138556925
Kentucky,2001,868.157165710718,807.386809980423,1003.50280841908,1000.67888303928
Kentucky,2002,825.201010502558,869.570564974879,1032.62810738981,1005.24972519489
Kentucky,2003,847.522187940426,822.528166278166,1010.35627462303,991.043926461516
Kentucky,2004,793.793193053227,766.848194012593,966.680645905871,947.107488876963
Kentucky,2005,793.115803409305,755.884172386367,1002.19167271881,978.022086174308
Kentucky,2006,822.769672327194,772.191818940729,995.263319412385,957.778590988709
Kentucky,2007,788.993712524255,762.040467369621,983.917045815258,954.599286555106
Kentucky,2008,753.569082927167,688.101668702581,1013.87496436315,983.772222639342
Kentucky,2009,771.062415059585,733.597553570837,1001.33996466843,981.099890173875
Kentucky,2010,727.41576270623,720.407740979929,1029.32860093169,981.199389269895
Kentucky,2011,708.294299530511,710.959875835365,1040.92155923643,990.966414156864
Kentucky,2012,741.709132627198,694.308985950392,1060.3319412394,1016.9881946444
Kentucky,2013,727.513227513227,657.56301428965,1073.50925423891,1007.4170983847
Kentucky,2014,730.806588166855,680.681917648816,1108.27014136214,1019.71264686364
Kentucky,2015,780.087246599949,716.723200784666,1152.0757484144,1053.06793959351
Kentucky,2016,828.928277919258,750.147756376256,1166.33389095749,1087.24411520403
Louisiana,1999,947.916908976715,798.465374627234,982.21511561155,963.919747545148
Louisiana,2000,946.395510298542,800.559104300495,968.914970808511,964.948075962221
Louisiana,2001,952.463068345117,816.439023452272,985.335518299088,975.466619897873
Louisiana,2002,944.36191415773,804.821532642393,993.702202030679,981.711240394948
Louisiana,2003,955.567118762938,815.698296775338,1001.41976781475,997.674890292701
Louisiana,2004,972.185282136708,782.19678874401,978.204801531319,980.346839396357
Louisiana,2005,987.78045066442,838.716607463142,1027.48014345119,1024.12750043265
Louisiana,2006,958.29042461597,804.997980191951,1004.29666677399,956.844869306616
Louisiana,2007,917.724911845993,760.430577256827,984.734806438308,967.586174024591
Louisiana,2008,901.985503596442,772.757333868394,1018.88783044584,984.930109809317
Louisiana,2009,894.044945427497,744.754636208012,984.885381153973,940.697273135061
Louisiana,2010,874.629385341687,740.775012080647,993.669832896241,944.416105947792
Louisiana,2011,865.243852233097,710.928737102283,988.403804066255,962.431689397657
Louisiana,2012,893.064800150621,741.579679231868,1024.58723489409,977.985617386054
Louisiana,2013,935.286884964384,751.79900109575,1034.58689478024,990.103638327015
Louisiana,2014,925.642761965093,776.896234440374,1055.21940553764,990.322453943948
Louisiana,2015,961.753887139546,766.527832422092,1047.38342945418,961.813470299181
Louisiana,2016,965.473405190485,766.750497399774,1055.85176827875,986.494569411316
Maine,1999,526.918671248568,,949.029608531496,1007.21521526541
Maine,2000,358.780147498505,,959.455940187705,1003.87823042866
Maine,2001,441.228379809389,233.754090696587,959.437356885836,998.919374818798
Maine,2002,190.174326465927,229.405630865485,994.109043567754,997.397423325748
Maine,2003,250.62656641604,276.192229791935,955.596108035673,995.002745575635
Maine,2004,347.893312717433,250.125062531266,932.124477723411,994.296249528
Maine,2005,236.938751332781,,995.602091563431,997.499004332109
Maine,2006,275.330396475771,,959.419823442536,937.919394076956
Maine,2007,322.379367720466,233.070050498511,973.646321382832,951.521689186825
Maine,2008,254.477831065871,168.918918918919,969.445468295225,960.046208683889
Maine,2009,306.008902077151,173.050299953853,971.253877137896,969.106493561885
Maine,2010,193.245605963007,238.446690132849,991.589029390571,978.011889257272
Maine,2011,190.608213481199,149.604616371019,1017.20553295985,993.475160828344
Maine,2012,255.944517833554,207.296849087894,1012.76372891207,978.392182649519
Maine,2013,311.925137966888,212.981744421907,1079.41760317868,1018.7659349662
Maine,2014,257.872938970071,126.360808709176,1075.54867193051,1015.34188943613
Maine,2015,333.687244046716,151.028884274117,1137.98577637803,1102.50083197482
Maine,2016,325.035089015291,164.91067338525,1134.80258497026,1060.14815087408
Maryland,1999,848.402455048606,665.602103137714,868.374219213456,910.043002461189
Maryland,2000,825.791061530906,677.3521085832,870.324996318324,929.654544776896
Maryland,2001,825.785243701998,667.660330359148,869.434591248904,914.486377209189
Maryland,2002,805.87797859614,676.984070063971,864.211306330664,908.621681923046
Maryland,2003,811.574027513855,661.422086348544,879.904441465839,906.24474252555
Maryland,2004,793.257892623676,638.595656189618,841.839969656457,875.025995205937
Maryland,2005,782.137305997024,635.948655924467,853.102417710193,891.741712971834
Maryland,2006,761.83817038112,638.380162528733,838.096146108397,885.288315313398
Maryland,2007,761.598423815903,625.708377298457,855.267305107241,882.87483539948
Maryland,2008,757.184141472324,622.092516488519,862.677615105031,878.192407924032
Maryland,2009,745.127126372491,619.060657968191,851.352881240802,879.025664650254
Maryland,2010,710.568502943853,619.343294490491,834.176548015322,866.933530534529
Maryland,2011,694.472373697347,601.316874642351,848.243973893818,869.255673294855
Maryland,2012,714.343345521644,603.410993803969,851.772066641061,877.897994081501
Maryland,2013,723.72856074105,625.192585264592,880.311306859222,886.899469203285
Maryland,2014,727.848788499806,625.045104281098,882.451178062613,879.405482715199
Maryland,2015,778.584956327558,649.689593852212,901.005525500429,887.624774829683
Maryland,2016,832.265822969237,657.950456261707,924.250204594602,913.850945195539
Massachusetts,1999,533.510007671386,460.339124199033,910.480484645324,979.067365174158
Massachusetts,2000,541.725532225849,473.418844423524,913.189213909786,998.636731709484
Massachusetts,2001,547.520855695535,480.840554668342,899.439790714267,1003.84427036499
Massachusetts,2002,548.016701461378,481.579171275419,916.553079264555,993.816564111036
Massachusetts,2003,555.821368044967,487.291747223643,905.225605488972,983.052336997866
Massachusetts,2004,540.697240291827,423.107553450001,882.544906581368,959.398482739426
Massachusetts,2005,508.066634230774,455.971503784403,877.131697963158,949.181553201126
Massachusetts,2006,497.877072381723,428.269719802675,869.97360172572,945.750085226263
Massachusetts,2007,483.288668239207,414.441882378176,872.890672482214,926.568980955507
Massachusetts,2008,474.778162612524,405.045712301817,877.23731750082,936.552177121617
Massachusetts,2009,459.182475122723,414.462562033048,858.069899913442,904.977532645704
Massachusetts,2010,488.255679630343,375.048220485491,866.023974245014,902.095623661206
Massachusetts,2011,436.775290997824,417.915400649169,882.943404323487,912.922342714909
Massachusetts,2012,431.561973595174,386.465942478234,865.03897565203,908.19186441052
Massachusetts,2013,453.402969317518,393.765381460213,886.228183487874,925.426246045889
Massachusetts,2014,447.999456558658,387.554690052336,910.132396807085,913.132234515767
Massachusetts,2015,455.86310854909,388.984412436226,945.35420834277,964.089957925564
Massachusetts,2016,465.724429657487,439.974086662307,945.596609527693,928.086204467596
Michigan,1999,961.646012582746,796.161105234394,884.320139702805,918.053191594411
Michigan,2000,917.207663484841,786.88303135712,880.101280868749,918.568201796081
Michigan,2001,908.799086920855,775.85363215395,875.928338465351,903.661693002485
Michigan,2002,929.174751902812,794.770329087798,884.93855392878,918.736942202275
Michigan,2003,895.567977894334,757.190881973175,875.640266040181,911.199215871888
Michigan,2004,878.229885770871,749.529949308509,857.473148398065,894.058938469399
Michigan,2005,897.174154851246,755.708950655075,871.095522648705,919.489465883384
Michigan,2006,896.461698171066,748.464614383837,873.753960257452,902.179766263272
Michigan,2007,901.710714295778,758.816659980119,892.32907829265,906.836022018774
Michigan,2008,896.601406539034,773.432727011362,912.452985221591,940.811187015405
Michigan,2009,881.112308454618,743.211580351304,911.668223561182,910.785513691245
Michigan,2010,863.52873493182,768.180134576208,929.217311948073,936.304100192877
Michigan,2011,889.43850210567,757.981404223791,948.126092140374,953.450401470275
Michigan,2012,909.477827942971,770.949692004957,949.034003646716,954.920965649087
Michigan,2013,917.441574276556,790.625477450227,982.829163575553,977.127300901323
Michigan,2014,911.269493160183,812.323707789325,1007.88590811117,984.841748166154
Michigan,2015,931.233506907695,822.335051453725,1018.84660786518,999.642165270289
Michigan,2016,969.905460631136,837.719461568785,1031.6960166975,1002.65621144164
Minnesota,1999,428.674504477739,333.405155305565,807.772165991492,851.38026600457
Minnesota,2000,410.047656870532,317.052997688376,778.179718567614,833.09751790552
Minnesota,2001,418.448862951039,298.140829445617,776.102589336998,819.368133661957
Minnesota,2002,392.859665230595,304.171086848356,787.067684364723,837.49156996904
Minnesota,2003,343.455040139733,285.701531181644,766.27540902002,814.352409338693
Minnesota,2004,353.164465728632,306.7302722443,751.005182076526,795.048504044953
Minnesota,2005,373.348430482981,293.726043978213,755.904655109178,805.393066365233
Minnesota,2006,360.919072793819,300.013741087378,742.880600208746,785.584614572683
Minnesota,2007,412.934463081446,271.287746353211,744.410508352989,778.906197915509
Minnesota,2008,357.532823776931,292.349045362596,760.012350742019,813.617089408032
Minnesota,2009,334.926380605186,248.84274743799,758.398029278575,781.638665093258
Minnesota,2010,321.194414119934,272.549019607843,775.693640423421,807.76559842946
Minnesota,2011,325.579143569509,279.643110183147,791.20696265558,819.840330216164
Minnesota,2012,359.982176778218,293.062164516935,792.920042132831,816.150750224075
Minnesota,2013,375.135795763172,302.299954625543,815.609727826104,822.386732244744
Minnesota,2014,371.915473755965,304.278093114784,815.201803344516,833.162491630853
Minnesota,2015,393.505575541466,322.04165586761,835.666644192251,858.874125317733
Minnesota,2016,409.917456373071,304.534957519773,851.552410766807,848.033159499901
Mississippi,1999,975.07991952505,829.139039263664,1092.18889287658,1038.94366628951
Mississippi,2000,944.465509997028,836.807225213043,1089.97496702708,1090.20481458078
Mississippi,2001,939.916207599946,836.874348162065,1063.83222842562,1066.34676263788
Mississippi,2002,966.577762622142,847.217031308398,1081.13184425746,1087.83440742909
Mississippi,2003,947.082521380035,808.989649085747,1080.38513210927,1075.43222502989
Mississippi,2004,906.171415757692,785.193892462884,1081.07125779313,1022.80235932882
Mississippi,2005,958.220170107425,804.881489841987,1100.92074953036,1088.05807079907
Mississippi,2006,953.165844169383,797.044693245313,1083.38040141784,1049.48555932684
Mississippi,2007,939.675805047868,755.698025423025,1079.26345775454,1029.92300661219
Mississippi,2008,920.299732766521,779.521085266007,1090.21571588059,1077.76100015166
Mississippi,2009,894.518774938157,754.908096291282,1082.55642099267,1027.00200112344
Mississippi,2010,894.930754613982,741.709408667806,1089.3221771202,1099.30357336714
Mississippi,2011,878.131836809429,742.442901642741,1134.65463529917,1084.72881231406
Mississippi,2012,907.502067202887,754.126805398702,1116.79169290409,1101.27428314725
Mississippi,2013,933.728463386589,769.965341542735,1186.51825210408,1130.35329438565
Mississippi,2014,928.428437757457,761.931356367462,1202.86713255327,1106.68062836429
Mississippi,2015,952.920755251692,781.876237984512,1258.14152881039,1163.75287715366
Mississippi,2016,985.832953498972,775.159212513591,1241.83169044169,1163.13722546849
Missouri,1999,983.699174157957,831.979924599987,1014.14968135825,1053.80297301006
Missouri,2000,941.916258065363,773.714583997912,985.345621574168,1042.63550870666
Missouri,2001,910.370898991263,773.688314136305,981.526916709434,1037.76287040076
Missouri,2002,914.239687452433,790.52388812264,1007.11355955433,1036.80373025169
Missouri,2003,884.105203510123,814.156816115269,984.945614306406,1032.84629039795
Missouri,2004,879.219295265742,759.833876203485,959.255103440412,986.942734119805
Missouri,2005,879.373259986232,741.94720833823,973.35047678163,990.243416559156
Missouri,2006,877.955493741307,762.576581240832,957.338591385948,985.381653279802
Missouri,2007,847.545341901447,745.923735175701,953.896485614736,960.099677571179
Missouri,2008,826.081233271416,692.569892131644,1000.89447452839,1012.26683675851
Missouri,2009,758.122535235665,668.404028234308,963.733472024965,958.426112880093
Missouri,2010,776.224756249982,714.515760383984,971.051418968368,969.006017769101
Missouri,2011,786.003913006493,679.68449850062,983.059176782866,977.718038410049
Missouri,2012,822.847033835042,698.336196067373,992.854576029574,964.312835119804
Missouri,2013,823.277414886576,710.96443649957,1011.07541946492,991.092638636907
Missouri,2014,865.108491978135,734.759994431719,1029.15239431337,995.485308219415
Missouri,2015,909.511330353014,726.386766974823,1060.94215107838,1013.30415529621
Missouri,2016,925.019550368859,754.321136013139,1057.13872254584,1005.75368782109
Montana,2000,511.291009799744,,955.645880645519,892.812250849357
Montana,2002,382.608695652174,,938.2664160802,977.102579112945
Montana,2003,392.02874877491,,966.664852444585,926.952545987106
Montana,2005,320.232896652111,,946.527777777778,920.364989928431
Montana,2006,435.967302452316,,912.458319734707,905.947964771494
Montana,2007,289.397526966588,,926.257635260427,913.279317310093
Montana,2008,303.183425972714,,942.72857161933,931.386304198983
Montana,2009,242.954324586978,,919.426900145242,901.682679974034
Montana,2010,434.362934362934,,933.930004727925,901.697037788677
Montana,2011,236.610023661002,,965.193989781842,918.297553118725
Montana,2012,239.856086348191,275.406224180666,941.188739628348,887.011430152241
Montana,2013,451.866404715128,,983.076184096309,941.798918739881
Montana,2014,345.092024539877,,964.450838016292,917.141323730545
Montana,2015,387.596899224806,473.225404732254,1031.18552442605,933.051462847665
Montana,2016,461.23824729466,239.865675221876,1002.0889086501,948.841369909695
Nebraska,1999,644.290014911516,655.135550012335,907.705179191546,967.557424014251
Nebraska,2000,677.929332646365,622.356977579191,874.121870730212,927.490792471772
Nebraska,2001,677.165354330709,561.056958916152,867.508486220507,951.10507470058
Nebraska,2002,633.869684604922,581.159273170237,908.78776932074,975.08579424655
Nebraska,2003,703.962587995324,577.01395279429,882.571137572458,956.498356517265
Nebraska,2004,595.16579618608,601.562120991607,852.144434228385,883.207309504486
Nebraska,2005,599.452468611347,553.247061617001,857.215728477851,903.025605023499
Nebraska,2006,569.155866419804,524.916175280379,850.692186193441,895.855167045354
Nebraska,2007,603.122836017602,641.112465574067,853.325699959036,922.803367524676
Nebraska,2008,562.221312711372,560.723002836599,872.276437733996,929.127234996885
Nebraska,2009,574.436529985587,535.219138920534,827.251794003338,879.686424703031
Nebraska,2010,596.067185579681,513.17790167258,859.149371917992,878.207875065467
Nebraska,2011,601.859208644526,472.330507600602,858.781379244013,901.630416767295
Nebraska,2012,607.196548155958,544.184535412606,876.812399676335,889.811831315248
Nebraska,2013,565.381823738396,526.368258398963,866.424877362437,906.425641983006
Nebraska,2014,551.453406860454,473.785191276088,901.053299012,890.797201488172
Nebraska,2015,586.936522539098,518.084819536998,929.099383268208,938.509667162419
Nebraska,2016,628.487836593163,593.353680498948,883.232972157968,900.693859264263
Nevada,1999,654.621986552233,601.293133939814,895.993861153317,752.647321246261
Nevada,2000,649.872793662093,535.331905781585,876.425792481671,752.823841869671
Nevada,2001,701.291402460629,607.031553124648,880.54941013071,770.140744288575
Nevada,2002,704.282173938102,590.286778047459,873.70352206056,785.956061729529
Nevada,2003,703.880057094915,559.058991904826,911.187560661748,793.945336945177
Nevada,2004,679.302162156657,550.430023455825,877.438710318715,768.004941451572
Nevada,2005,733.279228529145,553.930173590794,902.032304934538,783.390726093393
Nevada,2006,666.302957669639,546.981120035007,870.064268266654,750.421291762565
Nevada,2007,636.780869476857,520.401822700911,845.027033998721,719.632610658563
Nevada,2008,637.39721361727,518.670482934335,855.707080655431,736.479747525507
Nevada,2009,619.973058349942,491.625497047837,848.682081504474,728.906079890617
Nevada,2010,583.512855880849,520.993677031283,856.70810275762,745.552478852938
Nevada,2011,628.897378834717,551.238165726092,874.294362453121,773.282644878196
Nevada,2012,651.959170233783,557.901755945766,888.850308746631,770.851943879351
Nevada,2013,639.1171166013,553.71704193974,906.180783470486,794.797755098812
Nevada,2014,672.912999487172,529.501809073198,927.189503461413,770.672699910182
Nevada,2015,705.832121365765,586.781758480362,938.313531718618,805.045082343029
Nevada,2016,721.34463247907,596.648854040247,978.195937873357,806.461728682657
New Hampshire,1999,223.906303823631,252.153813826434,776.436253284988,812.344873278155
New Hampshire,2000,519.112789051439,251.742835011619,787.472217567131,809.820441063794
New Hampshire,2001,382.382098852854,241.296104791451,781.646330067017,813.720742534302
New Hampshire,2002,250.065806791261,178.051149239236,780.470232075459,810.780075504095
New Hampshire,2003,308.29942039709,272.479564032698,763.322470120698,790.537753592376
New Hampshire,2004,223.792697290931,281.69014084507,785.4111388543,826.629364963827
New Hampshire,2005,233.774908159858,186.990784025644,790.692695459234,825.62737283196
New Hampshire,2006,282.102183679866,237.94614902943,777.866428116664,806.102948087346
New Hampshire,2007,201.938610662359,170.502983802217,790.012694908682,831.564103446012
New Hampshire,2008,212.519319938176,232.666356444858,813.926581090549,800.863670380387
New Hampshire,2009,234.104316883603,124.279742401989,801.056918811321,786.953428555793
New Hampshire,2010,328.587075575027,301.810865191147,798.482882523206,803.939475445521
New Hampshire,2011,260.258523466644,202.839756592292,853.31401666063,849.138261622238
New Hampshire,2012,231.711353856339,203.417412530513,852.385601938015,834.542191091853
New Hampshire,2013,248.337739325483,175.012153621779,861.216158178095,850.60654669407
New Hampshire,2014,311.915159076731,172.894054365575,910.903456724879,892.07836909254
New Hampshire,2015,281.283259844914,206.747486138521,950.464426023226,927.847312857782
New Hampshire,2016,380.200336331067,207.132564841499,994.708622884368,908.048383417649
New Jersey,1999,824.66187317281,707.942514143444,936.290067163365,990.119735409863
New Jersey,2000,836.628263685323,722.916593478935,940.539913982454,995.863107315034
New Jersey,2001,834.160137858776,731.439386519153,925.390095613047,991.507228146602
New Jersey,2002,775.039745627981,726.401647724305,909.406129307472,990.071191822818
New Jersey,2003,823.513813619715,701.260405406005,900.354301684246,979.762822905975
New Jersey,2004,762.206663177403,675.667734257926,872.716353829452,951.010815170122
New Jersey,2005,768.076335777808,695.644792323758,882.349323114963,952.67346084043
New Jersey,2006,744.104951775208,672.200319193127,875.370352553428,928.256226918221
New Jersey,2007,724.518707928091,647.448296276519,867.154115713881,926.528963646935
New Jersey,2008,736.272824780637,639.589276845424,867.866921303593,932.272979339568
New Jersey,2009,700.013625179331,607.986142375091,849.374570820221,906.387796942603
New Jersey,2010,713.964067892621,633.984999943268,868.765378442712,910.584172675493
New Jersey,2011,701.600940082336,649.221931835915,879.46309121593,925.594085147198
New Jersey,2012,687.866134862271,630.379930556331,884.274225086081,922.272814401558
New Jersey,2013,697.719261710284,635.72826080932,896.387733991833,929.376469586188
New Jersey,2014,697.01716309439,643.040397290899,894.318321311831,925.668792952632
New Jersey,2015,722.118334815998,674.434120651657,905.038397630445,932.437366219399
New Jersey,2016,729.597310904193,684.043298702536,918.227594651224,940.533753503875
New Mexico,1999,658.103753460718,518.496360554392,846.673837025029,746.359873233491
New Mexico,2000,523.279216422917,475.816736976356,829.827052309993,734.10138596531
New Mexico,2001,609.571570619515,554.254861675188,863.67762922557,767.332005162325
New Mexico,2002,538.525269262635,514.675198219502,884.03137717608,763.463863826621
New Mexico,2003,588.828392821133,433.663097980756,885.752681381638,794.476752401185
New Mexico,2004,528.730269807947,485.606789745385,847.252722600136,750.408187066301
New Mexico,2005,462.319112948694,541.924471943674,874.004091135259,777.053311227713
New Mexico,2006,518.209820619677,471.971516104993,880.519757472362,790.333647876362
New Mexico,2007,576.672878793207,349.159208572461,887.855216822017,768.906813067333
New Mexico,2008,569.790731404103,464.878067998267,891.731230285409,801.281680528404
New Mexico,2009,491.09068586787,459.084127166303,869.393817800398,770.136957758669
New Mexico,2010,513.267480147201,534.79935674483,868.115615633047,779.569404482042
New Mexico,2011,515.089271606889,411.912659935115,889.99430643373,803.927405242554
New Mexico,2012,579.276838269644,387.218181160207,918.94303726141,794.433888328193
New Mexico,2013,552.638850511191,466.501596870851,924.960692050291,801.63083397179
New Mexico,2014,559.995156798644,457.479253847791,963.361309589136,834.249124752907
New Mexico,2015,539.750700781297,524.795717103409,981.175115127251,826.31751927335
New Mexico,2016,603.829160530192,413.094039643142,1005.73731104794,864.085630681295
New York,1999,691.5856758658,619.167049810099,919.291635975663,973.151235370007
New York,2000,683.352185660834,614.937249149345,903.70398814964,960.213420742932
New York,2001,675.847015885598,624.599916906336,907.435997481769,963.434826872393
New York,2002,669.211943953968,611.613416568949,898.884072418673,960.583566418685
New York,2003,662.718441882509,604.049284077831,877.762734521336,949.863459006616
New York,2004,653.911600746614,618.21877861006,860.119562146138,927.15475143672
New York,2005,652.456149233561,611.987857127479,862.672914734802,930.718455045995
New York,2006,633.306160955984,584.546647587789,857.432063116458,906.091004422054
New York,2007,637.588963360645,593.111626152105,850.18282866848,894.753739716068
New York,2008,616.589352360726,587.478676530957,857.118727485053,904.017537383907
New York,2009,614.272586543977,567.830434965571,851.157804322535,880.127217832738
New York,2010,621.434879479482,556.560066273021,840.619413257003,885.424978966117
New York,2011,605.056617954021,575.147673758776,857.905310133551,894.366829442392
New York,2012,607.048783656987,574.767393858563,859.49232930394,883.579829243403
New York,2013,602.66630587392,583.205040299106,870.35282724634,891.386357648655
New York,2014,633.331682035531,588.887966988879,861.1200081403,875.971084130773
New York,2015,619.07510893741,576.833705205266,890.341872331216,903.576613803886
New York,2016,640.679661335052,587.199060481503,903.869063802231,896.944825080962
North Carolina,1999,937.308356184433,820.585129671122,883.632178707073,905.681081383741
North Carolina,2000,956.29412686995,825.535545043862,900.342183522033,934.439854728035
North Carolina,2001,914.597029461894,806.783182354233,876.721239308728,897.846260130713
North Carolina,2002,878.514085148111,783.133393823825,885.70234499559,912.876294951819
North Carolina,2003,865.224170161514,789.871111975313,897.684866946989,924.79851659624
North Carolina,2004,866.732221293905,769.795993649654,877.863312741871,883.329773650826
North Carolina,2005,853.968239995775,780.660248877406,885.497237135658,905.056671172632
North Carolina,2006,858.917403955907,749.505106466166,873.911866977636,877.462653282066
North Carolina,2007,842.770525565577,740.699647263868,876.209511081305,874.795465965917
North Carolina,2008,820.51669961545,706.388400663284,874.88823124578,886.325765061109
North Carolina,2009,784.898181876535,703.11156344139,877.095715750654,861.75537755858
North Carolina,2010,790.864813494892,689.514441005484,890.910153045077,878.828033686104
North Carolina,2011,776.17041841685,695.983319835266,895.96642143862,882.150345167405
North Carolina,2012,792.788461538462,699.246031105359,904.737308653456,904.537050466551
North Carolina,2013,803.438268274807,701.338904490027,921.285897322109,902.315692063632
North Carolina,2014,826.736483715286,714.927808417541,941.805444288694,906.750698794153
North Carolina,2015,844.545374657164,736.125035850245,971.181038739507,945.231692867935
North Carolina,2016,868.083940355765,741.26142761221,980.339536977839,938.235012599064
North Dakota,2008,322.21379833207,,933.035919908933,920.183970041453
North Dakota,2009,209.022818324334,,920.321346894363,924.003906573306
North Dakota,2010,168.719419605197,,904.043898749658,917.753523254134
North Dakota,2011,147.6450612727,,906.993647884208,899.794175323728
North Dakota,2013,202.386024712399,,891.678959667984,902.510194156597
North Dakota,2014,155.293687768338,,844.95476075257,899.060073559461
North Dakota,2015,210.684725357412,200.888137026856,856.045025894498,871.726860935494
North Dakota,2016,256.064690026954,102.650242627846,840.581977018686,879.496528462961
Ohio,1999,917.393805358282,808.184417088535,961.324787666116,1006.22778132015
Ohio,2000,913.595492370415,835.103430048901,949.538392390636,1004.42191203739
Ohio,2001,883.577865108739,798.521735775427,953.037721536446,1003.83105662462
Ohio,2002,910.314590027192,791.934485419843,967.88315557479,1019.09649146375
Ohio,2003,871.748420039653,798.009834742314,956.523426342981,1019.14085112001
Ohio,2004,910.880070892024,801.813610100578,937.950892800338,973.245661158219
Ohio,2005,893.573463911251,792.679372850732,969.961943697376,1000.2338572121
Ohio,2006,889.896046904788,765.637727563089,947.618024904559,979.98136034311
Ohio,2007,871.846527694785,748.988327151249,947.192796300641,976.697440486064
Ohio,2008,880.753845287059,759.213512895191,977.018836854701,1008.61655182472
Ohio,2009,837.10388294502,748.6418444415,963.921893905317,974.960858796504
Ohio,2010,825.75089686223,738.872895877687,976.880542575378,995.992742692808
Ohio,2011,850.878554426697,753.496626547213,997.16740891412,1026.82037352932
Ohio,2012,820.589789547661,748.390192577079,1016.65388238376,1035.50966910505
Ohio,2013,844.770120906713,770.828405224889,1023.59173494238,1035.17478366559
Ohio,2014,853.02055912832,755.214341463894,1049.96480173387,1033.13062912405
Ohio,2015,869.413785551636,779.874183219318,1080.00015081168,1071.91366699037
Ohio,2016,913.851430842192,796.390855286063,1103.94694847632,1066.37004018418
Oklahoma,1999,832.643128861786,821.339173967459,1084.71663840332,1110.76009351109
Oklahoma,2000,819.773041633173,728.003100884457,1090.26037931945,1141.1068504988
Oklahoma,2001,721.021709178392,786.569535126208,1087.54938967313,1110.19358930555
Oklahoma,2002,792.816685828754,746.180596528004,1092.66291144024,1133.73400985107
Oklahoma,2003,786.597560632095,770.378930136261,1105.56647801186,1131.36185911783
Oklahoma,2004,762.940511447576,732.578182713617,1062.44898600984,1066.33608899939
Oklahoma,2005,787.40157480315,743.627739547598,1101.85936989641,1118.57273813161
Oklahoma,2006,781.792326303942,729.495791625734,1073.05886222657,1071.95232343465
Oklahoma,2007,779.701334742963,712.892287146991,1080.29989644306,1083.92942852013
Oklahoma,2008,773.374929544233,676.828795283531,1104.48148073707,1102.43279846083
Oklahoma,2009,750.13612632523,673.758865248227,1061.38276625926,1026.13275420321
Oklahoma,2010,765.201606040933,717.913563705481,1075.97897200875,1045.44604451094
Oklahoma,2011,745.197956735229,667.250791939071,1096.75449233971,1055.210799987
Oklahoma,2012,734.281500981073,669.519894910801,1070.81460198061,1044.90407962708
Oklahoma,2013,793.100562999797,663.298478350343,1118.22334676145,1069.77265855231
Oklahoma,2014,756.615223121878,701.882697116973,1114.48059655417,1053.21004280667
Oklahoma,2015,820.68401926521,656.9432101347,1133.52001413674,1066.49831211997
Oklahoma,2016,778.917750403184,680.526043760409,1130.5576333951,1057.35771503305
Oregon,1999,640.660592255125,473.615155684982,891.771096941795,916.105267589579
Oregon,2000,615.468409586057,481.021245104992,889.270951690321,913.034481508317
Oregon,2001,554.509311571459,506.306626399005,893.08562845148,926.098353637298
Oregon,2002,525.199474800525,498.053583695901,918.495997790684,938.604037588216
Oregon,2003,575.450728574957,447.414781465843,903.753549820965,922.2108781186
Oregon,2004,526.456245906014,537.649156494308,882.299967235708,896.102931003337
Oregon,2005,514.362214341076,472.832184644975,895.701957928615,914.489055546123
Oregon,2006,470.816156428105,440.664862775416,894.779312404278,907.507573372388
Oregon,2007,505.556766179996,394.413712698137,893.31318760943,886.054777580087
Oregon,2008,482.119649519977,436.660268714012,905.48626800723,886.862601740398
Oregon,2009,470.602615817137,407.51117182616,887.317864184137,871.016849956835
Oregon,2010,452.623429218034,416.828007197686,885.67113124728,878.128617938311
Oregon,2011,513.989797495749,381.112760630166,911.128870783,890.203018742931
Oregon,2012,563.88132001211,421.484923808495,901.695782015274,877.439995323618
Oregon,2013,538.629548735794,423.94330549228,934.00674630163,901.804111461825
Oregon,2014,446.276548077785,431.369342110643,944.384012164141,888.406297813534
Oregon,2015,529.55835525405,423.175795926439,959.105803490076,929.327988537155
Oregon,2016,485.380408583919,438.028490896625,963.128457154692,898.929963665568
Pennsylvania,1999,1014.01986921863,887.879535625261,1069.82853111138,1120.82436919134
Pennsylvania,2000,1003.24975647291,875.113306378985,1070.29037168346,1131.32451047747
Pennsylvania,2001,965.678038523927,868.564056056734,1065.71853871746,1121.16789696203
Pennsylvania,2002,941.717913112478,864.891906378417,1069.5688787411,1127.22027480234
Pennsylvania,2003,957.429207365993,845.761672061095,1066.37177752529,1118.1596577492
Pennsylvania,2004,891.87867752432,804.860837144175,1046.73212432088,1106.94488010959
Pennsylvania,2005,923.463379225387,810.214944937114,1059.4519742483,1121.45781692796
Pennsylvania,2006,907.377256080549,770.355950159449,1029.35249672855,1076.7933385722
Pennsylvania,2007,860.133112734374,769.536213468869,1028.9203327907,1068.48200794403
Pennsylvania,2008,831.255432227178,764.682131367467,1050.27972173357,1090.12221171959
Pennsylvania,2009,825.123894685664,754.331659324146,1027.22035933204,1059.40660076572
Pennsylvania,2010,817.250162576487,740.264371036345,1028.9809291277,1051.88650458294
Pennsylvania,2011,806.270141410946,746.278970135021,1057.56510750884,1087.10298320057
Pennsylvania,2012,804.037259148428,727.047847288845,1047.90535655753,1073.25383615212
Pennsylvania,2013,792.80131097731,722.451522947553,1069.99244107631,1094.09670068371
Pennsylvania,2014,797.543995740121,749.912779488184,1071.86394258527,1075.94506671248
Pennsylvania,2015,794.584052522071,756.533114295276,1112.69711100207,1115.18051857208
Pennsylvania,2016,849.218736866335,772.713516130985,1124.37430450409,1105.45263345362
Rhode Island,1999,534.482200123093,480.402137948587,944.831133510379,1022.75404349345
Rhode Island,2000,541.904139026441,457.540263543192,963.191613791163,1059.88620084014
Rhode Island,2001,502.602764315204,387.721190566423,969.510608191304,1049.02858018296
Rhode Island,2002,494.892821176809,369.644357322879,981.44966618098,1072.87343669022
Rhode Island,2003,502.819679417729,394.274912233324,949.37739162143,1049.89089565931
Rhode Island,2004,509.986115561252,404.326822096198,948.946422259473,999.326274296862
Rhode Island,2005,524.315113383143,393.447681744542,951.034627639088,1056.79726638523
Rhode Island,2006,374.39737408965,362.796833773087,967.116283170237,1006.64273698773
Rhode Island,2007,437.79091709649,339.562781936251,947.943087877967,1044.00348689728
Rhode Island,2008,467.359050445104,313.388237008964,975.951519262436,1028.04845356326
Rhode Island,2009,400.116397497454,337.43643362958,941.822665620446,994.971916620226
Rhode Island,2010,349.332440063167,374.953130858643,979.501728796946,1008.76834766802
Rhode Island,2011,364.480557167731,326.551117809596,975.007950273016,1018.98695502846
Rhode Island,2012,361.65537447354,229.486804508741,965.327741422322,997.023306159727
Rhode Island,2013,269.06432879661,270.430710375305,1024.40118641111,1042.54606080918
Rhode Island,2014,336.207837572317,294.281909180736,1000.56961436427,1051.03890908162
Rhode Island,2015,396.876200230444,325.527669851937,1052.13164598383,1076.05426833436
Rhode Island,2016,371.894783026555,302.50025722811,1002.68825158939,1042.05497354157
South Carolina,1999,972.026269238206,792.584462442914,941.818495349999,926.495072103665
South Carolina,2000,970.374574549285,827.347940721884,971.665995884068,924.735713026693
South Carolina,2001,975.597760024733,792.456864163753,943.814346849956,907.833879632932
South Carolina,2002,950.84952091276,823.994726433751,970.332591049494,929.84057475963
South Carolina,2003,962.370466769578,797.415474418612,956.923501614319,952.395451365414
South Carolina,2004,927.591702170999,796.556741028128,937.870373091201,890.263400866243
South Carolina,2005,935.066345587624,778.112525193665,967.336293887226,928.929529228976
South Carolina,2006,945.794517569534,772.172770142061,944.216949372006,900.801955102615
South Carolina,2007,922.017182822458,792.382825073006,941.578324956709,901.729102732226
South Carolina,2008,902.410767748822,767.84615406787,949.119456107432,918.524277628459
South Carolina,2009,889.246356862284,756.408260503806,965.302729661608,889.129012924421
South Carolina,2010,884.437359555957,752.231791265256,986.097045638042,925.436293417234
South Carolina,2011,864.843568798274,747.887460744002,981.649844540204,941.306755260244
South Carolina,2012,901.491765492321,746.917499947666,989.661082545475,963.447943784471
South Carolina,2013,916.001662900135,763.431730893085,1034.43968517,964.981819529687
South Carolina,2014,917.212257389687,766.694158056738,1046.53331284166,971.044947901189
South Carolina,2015,949.569752601987,794.752782110719,1070.45745840471,986.859869382607
South Carolina,2016,982.101923536785,788.354944443021,1081.83052837966,982.655422703663
South Dakota,1999,359.712230215827,,952.264644382622,955.993354181814
South Dakota,2001,260.540028422549,,980.261224925879,921.632071394363
South Dakota,2003,225.50225502255,,962.478404040106,966.451575228474
South Dakota,2004,248.423466462832,,905.508116730787,911.397844467156
South Dakota,2005,233.393177737882,,949.013498571958,949.108023593188
South Dakota,2006,267.9618154413,,935.079664042542,950.079173264439
South Dakota,2007,279.676817899316,215.238915195867,908.360820306898,885.316459304231
South Dakota,2008,175.233644859813,,924.308049562035,928.03352018572
South Dakota,2009,132.62599469496,,899.030446299363,895.11293125544
South Dakota,2010,128.073770491803,,901.760967552283,916.851267593028
South Dakota,2011,181.756219470635,194.805194805195,911.063987642086,952.373014616203
South Dakota,2012,277.117973079968,,900.092232689901,934.847790435066
South Dakota,2013,243.330930064888,,875.325289803643,881.480690397365
South Dakota,2014,105.124835742444,148.551621688537,943.566627935503,919.935933518789
South Dakota,2015,288.184438040346,156.419203465287,951.515102754513,928.52673577347
South Dakota,2016,232.670089858793,134.786027181849,964.133078572987,931.518067355922
Tennessee,1999,936.225708508899,841.758277055512,991.245142633703,968.538686509637
Tennessee,2000,958.84008971237,861.612984048328,1003.57757225342,992.441090918739
Tennessee,2001,905.109424986725,824.54754493266,989.00144969053,996.951553353668
Tennessee,2002,925.216035345332,818.281050516271,1011.71909388912,1016.0175155087
Tennessee,2003,909.190070130187,813.487385050696,1022.89758802353,1020.51585645991
Tennessee,2004,862.839940042071,766.223113208433,993.042590314121,984.335044775435
Tennessee,2005,905.816534503957,766.040885055094,1004.55395556748,992.19780188656
Tennessee,2006,871.766029246344,753.99952287662,996.295337023377,958.417312398936
Tennessee,2007,847.646843053761,734.618588811606,986.649225547434,955.978824978461
Tennessee,2008,820.894933341753,732.849697140442,1003.20926802356,988.817830467696
Tennessee,2009,823.762407117182,695.365275588085,1001.9329084165,956.627924220517
Tennessee,2010,806.322432476769,699.224712608984,1020.28984121254,978.205468471233
Tennessee,2011,796.478845134181,687.247216725341,1038.43094230107,987.333150585772
Tennessee,2012,807.375524934261,669.19102911409,1053.17326076206,1008.54042715412
Tennessee,2013,803.488251733775,716.478166454389,1077.27597476271,1017.54980802479
Tennessee,2014,826.173045168267,703.278178456838,1097.11342719618,1027.57926975739
Tennessee,2015,854.416414055548,705.217697637097,1115.73258027384,1056.47259103109
Tennessee,2016,889.213846790712,737.428579274784,1129.54038000233,1055.89494477993
Texas,1999,775.491471614857,710.00825883114,733.922194388946,733.191223778952
Texas,2000,772.245427767885,714.164257779289,737.70944669908,742.962142667699
Texas,2001,775.056062361467,717.768096011717,738.231563374789,738.608934440514
Texas,2002,781.113948168004,703.739345001093,741.354882280749,740.080542047254
Texas,2003,766.189641134841,697.250359469511,732.371483275849,719.742787464424
Texas,2004,748.530576898274,672.002248371974,716.490380221824,695.412975059604
Texas,2005,741.056307656705,673.595884634846,722.809095911516,701.541645802457
Texas,2006,714.644021385728,623.70228185707,707.425300074408,696.19144569276
Texas,2007,703.561280187504,620.602462979348,718.41617857989,691.890946619917
Texas,2008,661.868672005782,615.203456480454,731.538397978883,700.653833498254
Texas,2009,681.467867360868,607.567504209953,710.447625420642,674.148889715041
Texas,2010,665.644918112559,601.346024397152,717.766095237799,681.531083502631
Texas,2011,656.170916535187,611.960074409939,712.403753557451,675.032150947296
Texas,2012,665.975571731093,597.767024854554,730.083526121358,685.005513536724
Texas,2013,676.774700504587,598.415426227638,741.800246884805,693.767946104758
Texas,2014,683.717351497402,612.068134808497,753.950656460756,694.038973834982
Texas,2015,700.8601094854,618.388711630946,761.273247936381,706.176031694365
Texas,2016,706.324744804291,621.472367075747,766.16094070372,695.848525245733
Utah,1999,380.763181855807,290.54126762079,568.351694117894,548.392742547109
Utah,2000,354.774024371433,307.021887689413,566.444773756958,568.736611839864
Utah,2001,390.652745223382,319.022878497858,565.273421802612,570.592511274626
Utah,2002,320.598450440823,402.638567634713,582.795985990376,574.210631522165
Utah,2003,418.571704552772,304.501687103942,579.706253524152,588.175440523775
Utah,2004,268.439997559636,266.165648974479,578.616130609225,568.902086299133
Utah,2005,361.591000401768,347.977381470204,560.151419297341,560.746367370785
Utah,2006,245.752751362325,265.197878416973,561.724637376939,559.714421414337
Utah,2007,295.85798816568,219.5045468799,564.050444279594,555.531755028868
Utah,2008,309.742819598273,236.364710748685,546.177119490618,539.326059700868
Utah,2009,242.879222786487,294.215610081048,543.912273223232,528.179145753006
Utah,2010,288.673798607573,246.807597381693,566.503812576061,536.286851251168
Utah,2011,268.89386840497,276.880479926165,563.117723078043,555.855402675995
Utah,2012,291.20100739808,172.379826635146,574.508782643055,560.896103876477
Utah,2013,330.120664794718,213.199412517174,589.870474704936,575.152260425845
Utah,2014,257.60865565083,253.001518009108,593.700453650653,580.154334890815
Utah,2015,256.154831364736,187.16577540107,611.354902209759,592.940438944258
Utah,2016,318.147972652813,242.017663043478,632.743730686909,586.624811734777
Vermont,2006,289.245332632133,,810.105495081263,846.842802161515
Vermont,2008,329.877474081056,,859.522882573266,850.763179829131
Vermont,2009,221.434898139947,,816.393695869001,836.243517239582
Vermont,2012,333.988212180747,363.989322979859,913.093376465614,886.078840137153
Vermont,2013,225.563909774436,346.020761245675,936.310734349516,913.048163617186
Vermont,2014,236.23478102853,267.857142857143,919.99784795825,928.918137453718
Vermont,2015,263.713080168776,,984.441110530486,964.482497218786
Vermont,2016,307.062436028659,273.684210526316,997.241169202647,952.880064338356
Virginia,1999,891.356794114664,768.538550863646,799.626628705718,825.209975951472
Virginia,2000,868.938604787662,770.106181104881,795.792457813423,851.376547429884
Virginia,2001,852.121731675954,758.190356238065,783.989424404954,840.686064988254
Virginia,2002,837.042928647212,754.662291212688,806.098015930227,836.265766939004
Virginia,2003,873.945202333508,757.170876154871,810.443968235819,840.103979256016
Virginia,2004,818.930563294037,739.604193439978,779.747289798173,802.605137641334
Virginia,2005,813.151823235667,728.993636203373,787.076559377844,822.211676372573
Virginia,2006,786.051527668827,714.991073318706,788.129229903115,804.998858356342
Virginia,2007,810.607261772634,713.563144953631,783.454730552818,805.441426996693
Virginia,2008,768.953643490587,724.632483046876,794.420115920127,813.264109169759
Virginia,2009,771.34709200986,685.747973470892,786.857125296486,796.489921303493
Virginia,2010,764.699131632302,675.806613542282,787.113802786036,797.58046947334
Virginia,2011,743.586550279207,683.415228449844,803.191246959465,820.566771005226
Virginia,2012,757.813277595302,683.010876690795,808.002712138928,817.896757557841
Virginia,2013,768.810240296295,693.928775087039,817.716308953761,825.656593021657
Virginia,2014,758.722195733742,709.065198477556,830.961575847022,827.107959022853
Virginia,2015,784.618817583664,698.350315867335,858.857091668794,850.925889748825
Virginia,2016,807.044690593009,723.496912792605,873.726269509429,841.57507795575
Washington,1999,561.427242749641,465.165450893329,794.213221052237,805.865890917664
Washington,2000,483.427106215141,469.169523490993,792.776348366426,803.406530108647
Washington,2001,477.99571452118,407.600175581614,786.143256521913,814.010957192947
Washington,2002,480.475433879247,442.774254721331,799.35649288623,808.155670194201
Washington,2003,531.866943117281,428.659949579404,794.677326574576,818.668862755035
Washington,2004,449.026009758245,385.393026614401,780.934448710193,783.08734444381
Washington,2005,510.102163118544,426.273200179821,788.603494144183,804.271772608617
Washington,2006,506.089532587228,426.871234910643,768.287140705809,791.912464215373
Washington,2007,477.621087270765,424.724041932119,787.760499562537,801.457695480067
Washington,2008,476.755763192158,416.352347240759,797.650647691608,809.161546225757
Washington,2009,448.303988126997,390.532047423748,786.722183586714,789.889135882878
Washington,2010,433.546982706494,409.652963454282,783.340180301537,774.172271349508
Washington,2011,447.689074407205,374.66819358298,800.141316407017,792.051142580349
Washington,2012,454.466002447125,367.896400373655,810.169013176211,784.525327047071
Washington,2013,466.403595308561,372.022420883024,813.751687281342,800.317677048522
Washington,2014,474.213950415337,380.588181735409,827.745262436052,796.424356594258
Washington,2015,494.898460488279,410.323431410641,850.831703930403,827.974749356192
Washington,2016,492.598557105036,390.220594090945,848.546423044321,807.873757168641
West Virginia,1999,1063.15614064323,1286.53006382264,1177.60233530153,1159.69946696905
West Virginia,2000,934.36645396536,1110.2641434395,1179.61000600265,1183.58392757404
West Virginia,2001,999.80772928283,1198.06440847656,1169.66519718813,1180.6883041556
West Virginia,2002,1088.05031446541,1008.92381459776,1180.59521279564,1174.4339706747
West Virginia,2003,1004.87022994883,1193.13699710755,1183.33406203582,1193.42310296767
West Virginia,2004,840.082195092469,1127.81954887218,1166.97985754334,1154.32415637749
West Virginia,2005,893.068370002366,1102.17842323651,1166.1279896574,1148.1872889072
West Virginia,2006,878.704341833219,1000.22297964514,1170.02889943278,1127.36875433668
West Virginia,2007,997.729884252123,1055.80693815988,1193.39205968944,1135.81592002995
West Virginia,2008,945.64591727654,970.543689920564,1199.00145224284,1180.91686689952
West Virginia,2009,845.839741210161,1013.70950505328,1205.06902569602,1148.22115626239
West Virginia,2010,780.247689367161,880.031451295854,1200.66393183387,1141.88749253012
West Virginia,2011,918.115420224257,882.89685617133,1231.68731589279,1172.09119637214
West Virginia,2012,954.562810232913,926.745764712827,1224.12998386725,1179.60239225688
West Virginia,2013,848.819688598694,910.789350770668,1237.48341418856,1168.39288835506
West Virginia,2014,825.086621631727,873.0711219399,1284.30501172133,1172.33992575518
West Virginia,2015,940.966719492868,939.941758210074,1301.06009287303,1223.1956310729
West Virginia,2016,993.654385360815,918.064868909546,1322.24324922144,1213.97987923903
Wisconsin,1999,610.894839286654,484.806138834749,903.229664873054,922.982748800564
Wisconsin,2000,633.252492589598,549.81742933282,881.422880770343,923.376044631325
Wisconsin,2001,600.451270830873,467.555295151604,885.688321846787,919.058147567831
Wisconsin,2002,627.943485086342,475.028077654771,885.792829323383,919.951439325409
Wisconsin,2003,623.505751558765,514.65211766691,863.901207103748,895.169519108465
Wisconsin,2004,587.527676563399,522.493800921006,850.548549214122,877.38942240187
Wisconsin,2005,643.565763665824,505.775631403772,854.97238069584,904.158773531718
Wisconsin,2006,606.198926766271,539.767878477556,838.775448001938,892.989451912806
Wisconsin,2007,604.609398383717,533.112686825099,841.522063548034,882.363944607109
Wisconsin,2008,578.595692261749,501.349787890474,855.116093817269,887.83753275945
Wisconsin,2009,592.282037073824,489.844562725354,839.864799736295,853.844551666033
Wisconsin,2010,607.003730651112,530.412654059179,860.906277991037,886.703590170222
Wisconsin,2011,585.009140767825,527.85088580744,876.563224172204,912.139027119377
Wisconsin,2012,604.618642575816,546.6472303207,877.53003934762,898.824245355886
Wisconsin,2013,630.603705917514,559.033773550323,912.054529469044,922.078969547042
Wisconsin,2014,622.945487341491,558.656548085562,911.719579841851,931.514104733512
Wisconsin,2015,678.319215947104,538.804367451275,939.118139599259,936.097368463087
Wisconsin,2016,726.286314315716,602.3896997981,947.205084871635,939.163198889272
Wyoming,1999,419.111483654652,751.072961373391,845.133227323591,820.338261887033
Wyoming,2000,566.251415628539,,805.397888403867,804.875146611365
Wyoming,2001,353.232073472271,500.227376080036,835.635909283399,816.620375892446
Wyoming,2003,494.722955145119,467.289719626168,851.288046565621,823.831889561995
Wyoming,2004,475.888324873097,523.771152296535,780.140978552224,798.633532609828
Wyoming,2005,300.210147102972,437.549721559268,843.060959792477,791.289616131565
Wyoming,2006,348.229831688915,,852.707037902491,818.856536987195
Wyoming,2007,376.546530392684,,824.846621026441,801.453259229917
Wyoming,2008,404.749055585537,572.246065808298,789.426899523015,784.096620178415
Wyoming,2009,387.690816573782,,805.205817833244,752.477834954479
Wyoming,2010,403.022670025189,373.260943332202,795.939681550837,808.68391554
Wyoming,2011,367.900666819959,346.347607052897,820.488135741557,755.034510990073
Wyoming,2012,255.710876235936,386.803185437998,812.81454624168,762.209431121424
Wyoming,2013,290.964777947933,224.089635854342,829.319341705373,761.115606785527
Wyoming,2014,298.161338413119,324.886289798571,852.985090620736,786.329618663612
Wyoming,2015,270.27027027027,372.43947858473,870.864900558802,796.631429385451
Wyoming,2016,352.467270896274,,861.451897224052,792.26265470985
Montana,1999,,,926.711479475299,918.814843942944
Montana,2001,,,959.059948446928,920.763259253599
Montana,2004,,,890.359818651213,894.951471765604
North Dakota,1999,,,971.417030589373,975.356970749193
North Dakota,2000,,,957.691922396233,926.997300136988
North Dakota,2001,,,972.655409765541,981.309508238506
North Dakota,2002,,,935.729285697432,966.818258379653
North Dakota,2003,,,979.044075519517,991.202068830476
North Dakota,2004,,,894.568476729199,901.915435763317
North Dakota,2005,,,905.075567633616,934.676917383039
North Dakota,2006,,,928.895461872082,934.306176839289
North Dakota,2007,,,859.346552351948,906.923801636821
North Dakota,2012,,,871.886889016322,919.5160508937
South Dakota,2000,,,948.324072201135,968.888655210588
South Dakota,2002,,,923.183649510393,956.154808243036
Vermont,1999,,,830.198290727732,845.0453068449
Vermont,2000,,,826.769090554,883.250466945519
Vermont,2001,,,826.336450126762,903.190683427402
Vermont,2002,,,814.181600105711,865.429902140353
Vermont,2003,,,802.451616390961,889.21653694848
Vermont,2004,,,813.564118285148,834.706598839292
Vermont,2005,,,818.966387063358,847.407947787686
Vermont,2007,,,825.07253384913,875.67099510731
Vermont,2010,,,887.252535007243,876.425329798136
Vermont,2011,,,884.098949399657,897.433392597803
Wyoming,2002,,,858.009401592379,839.119515438026
